ea_id,strategy,family,symbol,timeframe,force_symbol,run_strategy,balance,risk_pct_target,hist_max_dd,lot_step,net_profit,realized_dd,realized_dd_pct,equity_dd_pct,trades,first_trade,last_trade,win_rate_pct,hist_max_loss_streak,hist_max_loss_streak_days,hist_max_streak_cost,hist_avg_loss_streak,hist_max_win_streak,largest_single_loss,dd_vs_target,report_path,fill_haircut_pct,family_fill_haircut_pct,fill_trust
BTC_Reaper_Aggr_1_H1_BTCUSD.a_H1_OHLC,BTC_Reaper_Aggr_1_H1,Bitcoin Reaper Aggressive,BTCUSD.a,H1,BTCUSD.a,1,100000,5.0,54.0,1080.0,165004.26,2006.0,0.82,1.16,860,2018-01-08 17:05:00,2026-08-12 16:41:20,81.6,4,5,1825.7,1.3,27,925.29,0.16,C:\BulkBackTest\Updated set files\BTC_UBSonechart_Sets\1mOHLC reports\BTC_Reaper_Aggr_1_H1_BTCUSD.a_H1_OHLC.htm,78.0,154.0,low
BTC_Reaper_Aggr_2_H1_BTCUSD.a_H1_OHLC,BTC_Reaper_Aggr_2_H1,Bitcoin Reaper Aggressive,BTCUSD.a,H1,BTCUSD.a,1,100000,5.0,40.0,800.0,115838.91,1159.98,0.55,3.3,633,2018-01-08 17:04:40,2026-08-10 16:35:40,66.0,5,7,748.56,1.55,23,187.5,0.11,C:\BulkBackTest\Updated set files\BTC_UBSonechart_Sets\1mOHLC reports\BTC_Reaper_Aggr_2_H1_BTCUSD.a_H1_OHLC.htm,,154.0,low
BTC_Reaper_Aggr_3_H1_BTCUSD.a_H1_OHLC,BTC_Reaper_Aggr_3_H1,Bitcoin Reaper Aggressive,BTCUSD.a,H1,BTCUSD.a,1,100000,5.0,50.0,1000.0,173083.62,858.24,0.34,11.5,1517,2018-01-08 17:04:40,2026-08-11 17:52:59,62.8,7,6,550.16,1.65,14,100.0,0.07,C:\BulkBackTest\Updated set files\BTC_UBSonechart_Sets\1mOHLC reports\BTC_Reaper_Aggr_3_H1_BTCUSD.a_H1_OHLC.htm,116.0,154.0,low
BTC_Reaper_Aggr_4_H1_BTCUSD.a_H1_OHLC,BTC_Reaper_Aggr_4_H1,Bitcoin Reaper Aggressive,BTCUSD.a,H1,BTCUSD.a,1,100000,5.0,285.0,5700.0,208998.74,2993.79,1.22,1.33,12521,2018-01-02 05:15:20,2026-08-12 23:58:59,87.5,7,9,1204.6,1.34,72,197.47,0.24,C:\BulkBackTest\Updated set files\BTC_UBSonechart_Sets\1mOHLC reports\BTC_Reaper_Aggr_4_H1_BTCUSD.a_H1_OHLC.htm,182.0,154.0,low
BTC_Reaper_Aggr_5_H1_BTCUSD.a_H1_OHLC,BTC_Reaper_Aggr_5_H1,Bitcoin Reaper Aggressive,BTCUSD.a,H1,BTCUSD.a,1,100000,5.0,130.0,2600.0,92266.42,5938.25,4.18,4.36,1545,2018-01-05 11:01:40,2026-08-11 12:47:40,49.6,9,9,2422.56,2.43,11,425.24,0.84,C:\BulkBackTest\Updated set files\BTC_UBSonechart_Sets\1mOHLC reports\BTC_Reaper_Aggr_5_H1_BTCUSD.a_H1_OHLC.htm,15.0,154.0,low
BTC_Reaper_Aggr_6_H1_BTCUSD.a_H1_OHLC,BTC_Reaper_Aggr_6_H1,Bitcoin Reaper Aggressive,BTCUSD.a,H1,BTCUSD.a,1,100000,5.0,100.0,2000.0,327098.27,3045.45,0.71,0.8,7163,2018-01-03 08:44:00,2026-08-12 22:25:59,20.6,10,7,1858.19,1.72,41,270.0,0.14,C:\BulkBackTest\Updated set files\BTC_UBSonechart_Sets\1mOHLC reports\BTC_Reaper_Aggr_6_H1_BTCUSD.a_H1_OHLC.htm,224.0,154.0,low
BTC_Reaper_Aggr_7_H1_BTCUSD.a_H1_OHLC,BTC_Reaper_Aggr_7_H1,Bitcoin Reaper Aggressive,BTCUSD.a,H1,BTCUSD.a,1,100000,5.0,148.0,2960.0,239539.01,1297.54,0.38,0.44,6705,2018-01-02 15:08:40,2026-08-12 17:15:20,24.0,8,5,1297.54,1.48,76,262.07,0.08,C:\BulkBackTest\Updated set files\BTC_UBSonechart_Sets\1mOHLC reports\BTC_Reaper_Aggr_7_H1_BTCUSD.a_H1_OHLC.htm,191.0,154.0,low
BTC_Reaper_Aggr_8_H1_BTCUSD.a_H1_OHLC,BTC_Reaper_Aggr_8_H1,Bitcoin Reaper Aggressive,BTCUSD.a,H1,BTCUSD.a,1,100000,5.0,151.0,3020.0,129846.21,3339.23,1.51,4.46,3445,2018-01-04 04:01:40,2026-08-12 16:31:40,45.8,16,10,2471.41,2.39,11,324.47,0.3,C:\BulkBackTest\Updated set files\BTC_UBSonechart_Sets\1mOHLC reports\BTC_Reaper_Aggr_8_H1_BTCUSD.a_H1_OHLC.htm,,154.0,low
BTC_Reaper_Aggr_9_H1_BTCUSD.a_H1_OHLC,BTC_Reaper_Aggr_9_H1,Bitcoin Reaper Aggressive,BTCUSD.a,H1,BTCUSD.a,1,100000,5.0,50.0,1000.0,48132.1,7347.35,5.56,6.73,741,2018-01-08 17:03:59,2026-08-10 18:24:40,66.5,6,11,3305.48,1.6,17,816.59,1.11,C:\BulkBackTest\Updated set files\BTC_UBSonechart_Sets\1mOHLC reports\BTC_Reaper_Aggr_9_H1_BTCUSD.a_H1_OHLC.htm,40.0,154.0,low
BitcoinReaper_10_H1_BTCUSD.a_H1_OHLC,BitcoinReaper_10_H1,Bitcoin Reaper,BTCUSD.a,H1,BTCUSD.a,1,100000,5.0,50.0,1000.0,96958.41,2213.46,1.73,3.36,2628,2018-01-03 08:49:40,2026-08-11 21:33:40,48.5,10,9,1072.14,2.09,8,217.9,0.35,C:\BulkBackTest\Updated set files\BTC_UBSonechart_Sets\1mOHLC reports\BitcoinReaper_10_H1_BTCUSD.a_H1_OHLC.htm,22.0,100.0,low
BitcoinReaper_1_H1_BTCUSD.a_H1_OHLC,BitcoinReaper_1_H1,Bitcoin Reaper,BTCUSD.a,H1,BTCUSD.a,1,100000,5.0,54.0,1080.0,172923.85,6746.34,3.96,4.3,859,2018-01-08 17:05:00,2026-08-12 16:41:20,76.5,4,3,3552.8,1.41,24,940.45,0.79,C:\BulkBackTest\Updated set files\BTC_UBSonechart_Sets\1mOHLC reports\BitcoinReaper_1_H1_BTCUSD.a_H1_OHLC.htm,-50.0,100.0,low
BitcoinReaper_2_H1_BTCUSD.a_H1_OHLC,BitcoinReaper_2_H1,Bitcoin Reaper,BTCUSD.a,H1,BTCUSD.a,1,100000,5.0,40.0,800.0,126551.19,826.9,0.38,3.27,633,2018-01-08 17:04:40,2026-08-10 16:35:40,63.7,7,7,756.44,1.6,23,187.5,0.08,C:\BulkBackTest\Updated set files\BTC_UBSonechart_Sets\1mOHLC reports\BitcoinReaper_2_H1_BTCUSD.a_H1_OHLC.htm,,100.0,low
BitcoinReaper_3_H1_BTCUSD.a_H1_OHLC,BitcoinReaper_3_H1,Bitcoin Reaper,BTCUSD.a,H1,BTCUSD.a,1,100000,5.0,50.0,1000.0,170914.35,1184.41,0.49,11.7,1517,2018-01-08 17:04:40,2026-08-11 17:52:59,58.1,9,7,803.43,1.87,14,100.0,0.1,C:\BulkBackTest\Updated set files\BTC_UBSonechart_Sets\1mOHLC reports\BitcoinReaper_3_H1_BTCUSD.a_H1_OHLC.htm,163.0,100.0,low
BitcoinReaper_4_H1_BTCUSD.a_H1_OHLC,BitcoinReaper_4_H1,Bitcoin Reaper,BTCUSD.a,H1,BTCUSD.a,1,100000,5.0,285.0,5700.0,186720.03,4315.7,1.48,1.51,12513,2018-01-02 05:15:20,2026-08-12 23:58:59,81.8,10,13,1486.44,1.58,51,197.81,0.3,C:\BulkBackTest\Updated set files\BTC_UBSonechart_Sets\1mOHLC reports\BitcoinReaper_4_H1_BTCUSD.a_H1_OHLC.htm,27.0,100.0,low
BitcoinReaper_5_H1_BTCUSD.a_H1_OHLC,BitcoinReaper_5_H1,Bitcoin Reaper,BTCUSD.a,H1,BTCUSD.a,1,100000,5.0,130.0,2600.0,93334.03,5548.62,3.5,3.9,1545,2018-01-05 11:01:40,2026-08-11 12:30:40,54.0,8,7,2872.31,2.24,14,425.24,0.7,C:\BulkBackTest\Updated set files\BTC_UBSonechart_Sets\1mOHLC reports\BitcoinReaper_5_H1_BTCUSD.a_H1_OHLC.htm,55.0,100.0,low
BitcoinReaper_6_H1_BTCUSD.a_H1_OHLC,BitcoinReaper_6_H1,Bitcoin Reaper,BTCUSD.a,H1,BTCUSD.a,1,100000,5.0,100.0,2000.0,360034.42,4776.41,1.06,1.2,7141,2018-01-03 08:43:59,2026-08-12 22:25:59,81.5,6,7,1618.56,1.43,49,298.86,0.21,C:\BulkBackTest\Updated set files\BTC_UBSonechart_Sets\1mOHLC reports\BitcoinReaper_6_H1_BTCUSD.a_H1_OHLC.htm,133.0,100.0,low
BitcoinReaper_7_H1_BTCUSD.a_H1_OHLC,BitcoinReaper_7_H1,Bitcoin Reaper,BTCUSD.a,H1,BTCUSD.a,1,100000,5.0,148.0,2960.0,256925.33,3888.25,1.15,1.32,6681,2018-01-02 15:08:40,2026-08-12 18:07:40,72.3,8,5,1753.32,1.55,51,263.19,0.23,C:\BulkBackTest\Updated set files\BTC_UBSonechart_Sets\1mOHLC reports\BitcoinReaper_7_H1_BTCUSD.a_H1_OHLC.htm,139.0,100.0,low
BitcoinReaper_8_H1_BTCUSD.a_H1_OHLC,BitcoinReaper_8_H1,Bitcoin Reaper,BTCUSD.a,H1,BTCUSD.a,1,100000,5.0,151.0,3020.0,121104.06,4608.74,2.43,4.46,3447,2018-01-04 04:00:40,2026-08-12 15:30:40,46.7,17,8,2211.7,2.4,11,322.83,0.49,C:\BulkBackTest\Updated set files\BTC_UBSonechart_Sets\1mOHLC reports\BitcoinReaper_8_H1_BTCUSD.a_H1_OHLC.htm,-54.0,100.0,low
BitcoinReaper_9_H1_BTCUSD.a_H1_OHLC,BitcoinReaper_9_H1,Bitcoin Reaper,BTCUSD.a,H1,BTCUSD.a,1,100000,5.0,50.0,1000.0,59448.76,7382.51,5.46,6.64,741,2018-01-08 17:03:59,2026-08-10 18:24:40,72.9,4,8,3036.87,1.44,18,816.65,1.09,C:\BulkBackTest\Updated set files\BTC_UBSonechart_Sets\1mOHLC reports\BitcoinReaper_9_H1_BTCUSD.a_H1_OHLC.htm,32.0,100.0,low
BitcoinScalpPro_a_H1_BTCUSD.a_H1_OHLC,BitcoinScalpPro_a_H1,Bitcoin Scalp Pro,BTCUSD.a,H1,BTCUSD.a,1,100000,5.0,35.0,700.0,127307.77,3132.92,1.44,4.55,2669,2018-01-03 08:49:40,2026-08-11 21:33:40,48.3,13,9,1772.48,2.1,8,356.51,0.29,C:\BulkBackTest\Updated set files\BTC_UBSonechart_Sets\1mOHLC reports\BitcoinScalpPro_a_H1_BTCUSD.a_H1_OHLC.htm,31.0,31.0,medium
VolatilityBreakout_H1_B_H1_BTCUSD.a_H1_OHLC,VolatilityBreakout_H1_B_H1,Volatility Breakout BTC,BTCUSD.a,H1,BTCUSD.a,2,100000,5.0,13.0,260.0,20447.3,3664.4,3.2,4.17,152,2018-01-30 16:00:40,2023-03-09 23:02:40,84.2,4,4,3664.4,1.41,25,1856.9,0.64,C:\BulkBackTest\Updated set files\BTC_UBSonechart_Sets\1mOHLC reports\VolatilityBreakout_H1_B_H1_BTCUSD.a_H1_OHLC.htm,,35.0,unknown
VolatilityBreakout_H1_C_H1_BTCUSD.a_H1_OHLC,VolatilityBreakout_H1_C_H1,Volatility Breakout BTC,BTCUSD.a,H1,BTCUSD.a,2,100000,5.0,31.0,620.0,117430.31,5129.14,2.66,2.83,1143,2018-01-02 21:00:40,2026-08-12 22:27:20,82.2,4,4,3812.68,1.28,26,1421.94,0.53,C:\BulkBackTest\Updated set files\BTC_UBSonechart_Sets\1mOHLC reports\VolatilityBreakout_H1_C_H1_BTCUSD.a_H1_OHLC.htm,-6.0,35.0,medium
VolatilityBreakout_H1_E_H1_BTCUSD.a_H1_OHLC,VolatilityBreakout_H1_E_H1,Volatility Breakout BTC,BTCUSD.a,H1,BTCUSD.a,2,100000,5.0,31.0,620.0,114608.16,5218.63,2.64,2.95,2066,2018-01-02 21:00:40,2026-08-12 22:27:20,74.2,6,6,2055.59,1.39,33,841.39,0.53,C:\BulkBackTest\Updated set files\BTC_UBSonechart_Sets\1mOHLC reports\VolatilityBreakout_H1_E_H1_BTCUSD.a_H1_OHLC.htm,30.0,35.0,medium
VolatilityBreakout_H1_F_H1_BTCUSD.a_H1_OHLC,VolatilityBreakout_H1_F_H1,Volatility Breakout BTC,BTCUSD.a,H1,BTCUSD.a,2,100000,5.0,35.0,700.0,139375.67,5082.43,2.38,2.46,1697,2018-01-02 21:00:40,2026-08-12 22:27:20,84.9,4,4,2878.13,1.21,44,1257.94,0.48,C:\BulkBackTest\Updated set files\BTC_UBSonechart_Sets\1mOHLC reports\VolatilityBreakout_H1_F_H1_BTCUSD.a_H1_OHLC.htm,22.0,35.0,medium
VolatilityBreakout_H1_H_H1_BTCUSD.a_M15_OHLC,VolatilityBreakout_H1_H_H1,Volatility Breakout BTC,BTCUSD.a,M15,BTCUSD.a,2,100000,5.0,61.0,1220.0,56674.28,5070.12,4.02,4.3,1093,2018-01-02 20:45:40,2026-08-12 15:51:40,83.1,4,5,2606.46,1.26,47,1063.36,0.8,C:\BulkBackTest\Updated set files\BTC_UBSonechart_Sets\1mOHLC reports\VolatilityBreakout_H1_H_H1_BTCUSD.a_M15_OHLC.htm,-53.0,35.0,medium
VolatilityBreakout_H1_J_H1_BTCUSD.a_M15_OHLC,VolatilityBreakout_H1_J_H1,Volatility Breakout BTC,BTCUSD.a,M15,BTCUSD.a,2,100000,5.0,74.0,1480.0,132182.12,5019.62,2.9,3.08,2361,2018-01-02 20:33:40,2026-08-10 04:49:40,67.7,6,6,2848.51,1.47,17,2380.44,0.58,C:\BulkBackTest\Updated set files\BTC_UBSonechart_Sets\1mOHLC reports\VolatilityBreakout_H1_J_H1_BTCUSD.a_M15_OHLC.htm,73.0,35.0,medium
VolatilityBreakout_H1_M_H1_BTCUSD.a_M15_OHLC,VolatilityBreakout_H1_M_H1,Volatility Breakout BTC,BTCUSD.a,M15,BTCUSD.a,2,100000,5.0,80.0,1600.0,87448.51,5658.82,3.57,3.86,986,2018-01-15 16:02:20,2026-08-10 16:45:40,66.6,6,5,3559.66,1.57,13,2197.32,0.71,C:\BulkBackTest\Updated set files\BTC_UBSonechart_Sets\1mOHLC reports\VolatilityBreakout_H1_M_H1_BTCUSD.a_M15_OHLC.htm,50.0,35.0,medium
VolatilityBreakout_H1_O_H1_BTCUSD.a_M15_OHLC,VolatilityBreakout_H1_O_H1,Volatility Breakout BTC,BTCUSD.a,M15,BTCUSD.a,2,100000,5.0,21.0,420.0,27008.09,8402.54,6.66,6.94,322,2018-01-22 00:47:40,2026-08-10 01:53:40,73.0,3,3,8402.54,1.3,19,8392.56,1.33,C:\BulkBackTest\Updated set files\BTC_UBSonechart_Sets\1mOHLC reports\VolatilityBreakout_H1_O_H1_BTCUSD.a_M15_OHLC.htm,,35.0,unknown
AdvScal_eurusd_H1_SL17_EURUSD.a_H1_REALTICKS,AdvScal_eurusd_H1_SL17,Advanced Scalper,EURUSD.a,H1,EURUSD.a,1,100000,5.0,36.0,720.0,15401.63,3531.53,2.98,3.03,1471,2018-01-04 16:45:30,2026-08-07 15:30:10,87.6,3,3,840.1,1.15,66,840.1,0.6,C:\BulkBackTest\Updated set files\FX_UBSonechart_Sets\1mOHLC reports\AdvScal_eurusd_H1_SL17_EURUSD.a_H1_REALTICKS.htm,,,real
AdvScalp_eurusd_H1_SL14_EURUSD.a_H1_REALTICKS,AdvScalp_eurusd_H1_SL14,Advanced Scalper,EURUSD.a,H1,EURUSD.a,1,100000,5.0,22.0,440.0,31936.55,3108.65,2.3,2.32,1438,2018-01-04 16:44:47,2026-08-07 15:30:10,88.0,3,3,979.52,1.12,47,448.33,0.46,C:\BulkBackTest\Updated set files\FX_UBSonechart_Sets\1mOHLC reports\AdvScalp_eurusd_H1_SL14_EURUSD.a_H1_REALTICKS.htm,,,real
AdvScalp_eurusd_H1_SL18_EURUSD.a_H1_REALTICKS,AdvScalp_eurusd_H1_SL18,Advanced Scalper,EURUSD.a,H1,EURUSD.a,1,100000,5.0,47.0,940.0,19436.45,2653.44,2.18,2.27,1515,2018-01-04 16:44:47,2026-08-07 15:30:08,85.1,3,4,654.3,1.23,65,645.29,0.44,C:\BulkBackTest\Updated set files\FX_UBSonechart_Sets\1mOHLC reports\AdvScalp_eurusd_H1_SL18_EURUSD.a_H1_REALTICKS.htm,,,real
AdvScalp_eurusd_H1_SL22_EURUSD.a_H1_REALTICKS,AdvScalp_eurusd_H1_SL22,Advanced Scalper,EURUSD.a,H1,EURUSD.a,1,100000,5.0,18.0,360.0,60167.76,5528.35,3.34,3.36,1470,2018-01-04 16:44:47,2026-08-07 15:30:10,89.1,3,3,1461.19,1.15,52,854.55,0.67,C:\BulkBackTest\Updated set files\FX_UBSonechart_Sets\1mOHLC reports\AdvScalp_eurusd_H1_SL22_EURUSD.a_H1_REALTICKS.htm,,,real
AdvScalp_gbpusd_H1_GBPUSD.a_H1_REALTICKS,AdvScalp_gbpusd_H1,Advanced Scalper,GBPUSD.a,H1,GBPUSD.a,1,100000,5.0,13.0,260.0,106712.94,2536.32,1.23,1.49,1276,2018-01-02 10:26:46,2026-08-12 21:03:09,90.8,2,3,1608.96,1.09,57,1203.84,0.25,C:\BulkBackTest\Updated set files\FX_UBSonechart_Sets\1mOHLC reports\AdvScalp_gbpusd_H1_GBPUSD.a_H1_REALTICKS.htm,,,real
AdvScalp_usdjpy_H1_SL22_USDJPY.a_H1_REALTICKS,AdvScalp_usdjpy_H1_SL22,Advanced Scalper,USDJPY.a,H1,USDJPY.a,1,100000,5.0,16.0,320.0,98812.2,6146.49,3.01,3.09,1973,2018-01-04 15:39:00,2026-08-12 20:40:37,85.1,3,3,1469.63,1.17,52,1469.63,0.6,C:\BulkBackTest\Updated set files\FX_UBSonechart_Sets\1mOHLC reports\AdvScalp_usdjpy_H1_SL22_USDJPY.a_H1_REALTICKS.htm,,,real
AdvScalp_usdjpy_H1_SL30_USDJPY.a_H1_REALTICKS,AdvScalp_usdjpy_H1_SL30,Advanced Scalper,USDJPY.a,H1,USDJPY.a,1,100000,5.0,28.0,560.0,52904.63,3870.28,2.49,2.61,1903,2018-01-04 15:47:31,2026-08-12 20:48:45,89.8,3,2,971.71,1.11,51,838.44,0.5,C:\BulkBackTest\Updated set files\FX_UBSonechart_Sets\1mOHLC reports\AdvScalp_usdjpy_H1_SL30_USDJPY.a_H1_REALTICKS.htm,,,real
AdvScalp_usdjpy_H4_SL14_USDJPY.a_H4_REALTICKS,AdvScalp_usdjpy_H4_SL14,Advanced Scalper,USDJPY.a,H4,USDJPY.a,1,100000,5.0,34.0,680.0,38189.25,4986.14,3.48,3.58,2076,2018-01-02 10:45:28,2026-08-12 21:13:03,56.2,7,6,1122.3,1.79,13,341.22,0.7,C:\BulkBackTest\Updated set files\FX_UBSonechart_Sets\1mOHLC reports\AdvScalp_usdjpy_H4_SL14_USDJPY.a_H4_REALTICKS.htm,,,real
AdvScalp_usdjpy_H4_SL17_USDJPY.a_H4_REALTICKS,AdvScalp_usdjpy_H4_SL17,Advanced Scalper,USDJPY.a,H4,USDJPY.a,1,100000,5.0,69.0,1380.0,22233.82,3013.45,2.41,2.51,2077,2018-01-02 11:46:34,2026-08-12 21:12:16,58.2,7,7,459.16,1.69,16,427.18,0.48,C:\BulkBackTest\Updated set files\FX_UBSonechart_Sets\1mOHLC reports\AdvScalp_usdjpy_H4_SL17_USDJPY.a_H4_REALTICKS.htm,,,real
DTP2_eurusd_a_EURUSD.a_Daily_OHLC,DTP2_eurusd_a,Daytrade Pro 2,EURUSD.a,Daily,EURUSD.a,1,100000,5.0,300.0,6000.0,-2166.12,6023.53,6.02,6.07,214,2018-02-20 10:15:40,2026-08-12 23:58:59,61.2,6,7,1708.05,1.98,12,338.26,1.2,C:\BulkBackTest\Updated set files\FX_UBSonechart_Sets\1mOHLC reports\DTP2_eurusd_a_EURUSD.a_Daily_OHLC.htm,,14.0,high
DTP2_eurusd_b_EURUSD.a_Daily_OHLC,DTP2_eurusd_b,Daytrade Pro 2,EURUSD.a,Daily,EURUSD.a,1,100000,5.0,75.0,1500.0,8740.26,4047.08,3.83,4.31,117,2018-01-12 17:51:59,2026-06-24 11:14:59,78.6,3,3,2662.66,1.25,16,1330.43,0.77,C:\BulkBackTest\Updated set files\FX_UBSonechart_Sets\1mOHLC reports\DTP2_eurusd_b_EURUSD.a_Daily_OHLC.htm,-0.0,14.0,high
DTP2_eurusd_c_EURUSD.a_Daily_OHLC,DTP2_eurusd_c,Daytrade Pro 2,EURUSD.a,Daily,EURUSD.a,1,100000,5.0,100.0,2000.0,5611.39,4082.11,3.9,4.68,137,2018-01-12 10:40:40,2026-06-24 11:14:59,78.1,2,2,1778.86,1.2,19,957.95,0.78,C:\BulkBackTest\Updated set files\FX_UBSonechart_Sets\1mOHLC reports\DTP2_eurusd_c_EURUSD.a_Daily_OHLC.htm,-0.0,14.0,high
DTP2_eurusd_d_EURUSD.a_Daily_OHLC,DTP2_eurusd_d,Daytrade Pro 2,EURUSD.a,Daily,EURUSD.a,1,100000,5.0,75.0,1500.0,8740.26,4047.08,3.83,4.31,117,2018-01-12 17:51:59,2026-06-24 11:14:59,78.6,3,3,2662.66,1.25,16,1330.43,0.77,C:\BulkBackTest\Updated set files\FX_UBSonechart_Sets\1mOHLC reports\DTP2_eurusd_d_EURUSD.a_Daily_OHLC.htm,-0.0,14.0,high
DTP2_gbpusd_a_GBPUSD.a_Daily_OHLC,DTP2_gbpusd_a,Daytrade Pro 2,GBPUSD.a,Daily,GBPUSD.a,1,100000,5.0,79.0,1580.0,15703.37,4441.9,3.73,4.4,166,2018-01-02 19:04:40,2026-07-02 11:12:20,88.0,2,2,2543.15,1.11,33,1285.73,0.75,C:\BulkBackTest\Updated set files\FX_UBSonechart_Sets\1mOHLC reports\DTP2_gbpusd_a_GBPUSD.a_Daily_OHLC.htm,44.0,14.0,high
DaytradePro_AUDJPY_AUDJPY.a_Daily_OHLC,DaytradePro_AUDJPY,Daytrade Pro,AUDJPY.a,Daily,AUDJPY.a,1,100000,5.0,139.0,2780.0,16328.23,5341.75,5.34,5.8,148,2018-02-05 22:08:20,2026-08-04 04:59:40,80.4,5,2,3272.45,2.42,48,858.82,1.07,C:\BulkBackTest\Updated set files\FX_UBSonechart_Sets\1mOHLC reports\DaytradePro_AUDJPY_AUDJPY.a_Daily_OHLC.htm,,45.0,unknown
DaytradePro_AUDUSD_AUDUSD.a_Daily_OHLC,DaytradePro_AUDUSD,Daytrade Pro,AUDUSD.a,Daily,AUDUSD.a,1,100000,5.0,70.0,1400.0,13512.86,2191.26,1.91,2.21,243,2018-01-12 00:36:59,2026-08-12 15:41:40,95.9,1,2,1467.77,1.0,147,1467.77,0.38,C:\BulkBackTest\Updated set files\FX_UBSonechart_Sets\1mOHLC reports\DaytradePro_AUDUSD_AUDUSD.a_Daily_OHLC.htm,-3.0,45.0,medium
DaytradePro_CHFJPY_CHFJPY.a_Daily_OHLC,DaytradePro_CHFJPY,Daytrade Pro,CHFJPY.a,Daily,CHFJPY.a,1,100000,5.0,208.0,4160.0,14316.3,5467.24,5.2,6.18,315,2018-01-25 17:13:40,2026-07-30 16:44:40,86.7,9,3,5426.62,1.91,58,675.37,1.04,C:\BulkBackTest\Updated set files\FX_UBSonechart_Sets\1mOHLC reports\DaytradePro_CHFJPY_CHFJPY.a_Daily_OHLC.htm,,45.0,medium
DaytradePro_EURAUD_EURAUD.a_Daily_OHLC,DaytradePro_EURAUD,Daytrade Pro,EURAUD.a,Daily,EURAUD.a,1,100000,5.0,100.0,2000.0,11896.19,1276.87,1.13,2.17,73,2018-03-06 02:21:40,2026-07-22 15:51:40,61.6,3,3,1271.62,1.65,6,1185.29,0.23,C:\BulkBackTest\Updated set files\FX_UBSonechart_Sets\1mOHLC reports\DaytradePro_EURAUD_EURAUD.a_Daily_OHLC.htm,,45.0,medium
DaytradePro_EURJPY_EURJPY.a_Daily_OHLC,DaytradePro_EURJPY,Daytrade Pro,EURJPY.a,Daily,EURJPY.a,1,100000,5.0,130.0,2600.0,1027.96,4445.07,4.22,5.24,116,2018-02-05 22:59:40,2026-08-04 22:07:40,40.5,8,6,2581.26,2.88,5,485.13,0.84,C:\BulkBackTest\Updated set files\FX_UBSonechart_Sets\1mOHLC reports\DaytradePro_EURJPY_EURJPY.a_Daily_OHLC.htm,45.0,45.0,medium
DaytradePro_EURNZD_EURNZD.a_Daily_OHLC,DaytradePro_EURNZD,Daytrade Pro,EURNZD.a,Daily,EURNZD.a,1,100000,5.0,137.0,2740.0,11003.42,6496.2,5.65,6.03,397,2018-01-08 11:48:40,2026-08-12 23:58:59,94.5,5,1,5226.95,2.0,155,1059.57,1.13,C:\BulkBackTest\Updated set files\FX_UBSonechart_Sets\1mOHLC reports\DaytradePro_EURNZD_EURNZD.a_Daily_OHLC.htm,,45.0,medium
DaytradePro_EURUSD_EURUSD.a_Daily_OHLC,DaytradePro_EURUSD,Daytrade Pro,EURUSD.a,Daily,EURUSD.a,1,100000,5.0,150.0,3000.0,44251.41,1183.54,1.06,4.36,564,2018-01-02 16:13:40,2026-07-30 18:00:40,68.8,24,3,1056.17,4.19,72,1056.17,0.21,C:\BulkBackTest\Updated set files\FX_UBSonechart_Sets\1mOHLC reports\DaytradePro_EURUSD_EURUSD.a_Daily_OHLC.htm,-9.0,45.0,medium
DaytradePro_GBPJPY_GBPJPY.a_Daily_OHLC,DaytradePro_GBPJPY,Daytrade Pro,GBPJPY.a,Daily,GBPJPY.a,1,100000,5.0,105.0,2100.0,19215.49,7076.76,5.61,6.35,101,2018-02-14 21:23:20,2026-08-06 18:36:40,57.4,7,10,3987.02,1.87,10,904.66,1.12,C:\BulkBackTest\Updated set files\FX_UBSonechart_Sets\1mOHLC reports\DaytradePro_GBPJPY_GBPJPY.a_Daily_OHLC.htm,,45.0,medium
DaytradePro_GBPUSD_GBPUSD.a_Daily_OHLC,DaytradePro_GBPUSD,Daytrade Pro,GBPUSD.a,Daily,GBPUSD.a,1,100000,5.0,200.0,4000.0,30248.93,5144.28,3.85,6.37,256,2018-01-03 16:57:40,2026-08-12 23:58:59,32.4,26,10,4842.34,8.65,11,603.76,0.77,C:\BulkBackTest\Updated set files\FX_UBSonechart_Sets\1mOHLC reports\DaytradePro_GBPUSD_GBPUSD.a_Daily_OHLC.htm,0.0,45.0,medium
DaytradePro_NZDUSD_NZDUSD.a_Daily_OHLC,DaytradePro_NZDUSD,Daytrade Pro,NZDUSD.a,Daily,NZDUSD.a,1,100000,5.0,50.0,1000.0,7570.59,2714.67,2.5,4.38,109,2018-03-21 00:47:59,2026-08-03 00:15:40,97.2,1,1,2707.67,1.0,63,2707.67,0.5,C:\BulkBackTest\Updated set files\FX_UBSonechart_Sets\1mOHLC reports\DaytradePro_NZDUSD_NZDUSD.a_Daily_OHLC.htm,,45.0,medium
DaytradePro_USDCAD_USDCAD.a_Daily_OHLC,DaytradePro_USDCAD,Daytrade Pro,USDCAD.a,Daily,USDCAD.a,1,100000,5.0,58.0,1160.0,9088.54,6844.05,6.08,6.96,175,2018-01-05 15:30:59,2026-08-07 15:31:40,85.1,4,3,3180.22,1.53,31,936.46,1.22,C:\BulkBackTest\Updated set files\FX_UBSonechart_Sets\1mOHLC reports\DaytradePro_USDCAD_USDCAD.a_Daily_OHLC.htm,11.0,45.0,medium
DaytradePro_USDJPY_USDJPY.a_Daily_OHLC,DaytradePro_USDJPY,Daytrade Pro,USDJPY.a,Daily,USDJPY.a,1,100000,5.0,223.0,4460.0,19381.93,3164.41,2.62,2.93,366,2018-01-11 09:13:20,2026-07-30 16:39:40,75.4,8,5,1706.94,2.14,21,546.17,0.52,C:\BulkBackTest\Updated set files\FX_UBSonechart_Sets\1mOHLC reports\DaytradePro_USDJPY_USDJPY.a_Daily_OHLC.htm,2.0,45.0,medium
DaytradePro_XAUUSD_XAUUSD.a_Daily_OHLC,DaytradePro_XAUUSD,Daytrade Pro,XAUUSD.a,Daily,XAUUSD.a,1,100000,5.0,220.0,4400.0,26860.03,1460.26,1.36,1.75,416,2018-01-10 13:10:40,2026-08-11 03:04:40,58.9,6,5,986.3,2.11,13,375.03,0.27,C:\BulkBackTest\Updated set files\FX_UBSonechart_Sets\1mOHLC reports\DaytradePro_XAUUSD_XAUUSD.a_Daily_OHLC.htm,25.0,45.0,medium
VolatilityBreakout_EURUSD_e_EURUSD.a_M15_OHLC,VolatilityBreakout_EURUSD_e,Volatility Breakout EURUSD,EURUSD.a,M15,EURUSD.a,2,100000,5.0,20.0,400.0,17281.98,4200.45,3.55,4.13,127,2018-01-10 13:16:40,2026-07-14 18:51:40,70.1,3,5,2281.25,1.65,11,776.25,0.71,C:\BulkBackTest\Updated set files\FX_UBSonechart_Sets\1mOHLC reports\VolatilityBreakout_EURUSD_e_EURUSD.a_M15_OHLC.htm,-3.0,-5.0,high
VolatilityBreakout_EURUSD_f_EURUSD.a_M15_OHLC,VolatilityBreakout_EURUSD_f,Volatility Breakout EURUSD,EURUSD.a,M15,EURUSD.a,2,100000,5.0,20.0,400.0,15738.4,5149.48,4.26,5.3,183,2018-01-10 13:42:40,2026-08-10 20:17:40,62.3,6,5,4103.42,1.92,9,820.24,0.85,C:\BulkBackTest\Updated set files\FX_UBSonechart_Sets\1mOHLC reports\VolatilityBreakout_EURUSD_f_EURUSD.a_M15_OHLC.htm,-4.0,-5.0,high
VolatilityBreakout_EURUSD_i_EURUSD.a_M15_OHLC,VolatilityBreakout_EURUSD_i,Volatility Breakout EURUSD,EURUSD.a,M15,EURUSD.a,2,100000,5.0,90.0,1800.0,23148.84,4503.56,3.78,4.3,197,2018-01-12 11:13:40,2026-08-12 23:58:59,50.8,6,7,2931.44,2.06,6,542.14,0.76,C:\BulkBackTest\Updated set files\FX_UBSonechart_Sets\1mOHLC reports\VolatilityBreakout_EURUSD_i_EURUSD.a_M15_OHLC.htm,-2.0,-5.0,high
VolatilityBreakout_EURUSD_k_EURUSD.a_M15_OHLC,VolatilityBreakout_EURUSD_k,Volatility Breakout EURUSD,EURUSD.a,M15,EURUSD.a,2,100000,5.0,14.0,280.0,22199.39,6177.76,4.84,6.1,105,2018-01-10 14:05:40,2026-08-11 09:19:40,64.8,3,3,3859.58,1.61,7,1353.38,0.97,C:\BulkBackTest\Updated set files\FX_UBSonechart_Sets\1mOHLC reports\VolatilityBreakout_EURUSD_k_EURUSD.a_M15_OHLC.htm,-1.0,-5.0,high
VolatilityBreakout_EURUSD_l_EURUSD.a_M15_OHLC,VolatilityBreakout_EURUSD_l,Volatility Breakout EURUSD,EURUSD.a,M15,EURUSD.a,2,100000,5.0,32.0,640.0,18651.96,1822.35,1.58,2.16,169,2018-01-10 14:05:40,2026-07-14 20:14:40,66.3,3,3,1684.64,1.43,13,591.39,0.32,C:\BulkBackTest\Updated set files\FX_UBSonechart_Sets\1mOHLC reports\VolatilityBreakout_EURUSD_l_EURUSD.a_M15_OHLC.htm,-6.0,-5.0,high
VolatilityBreakout_EURUSD_m_EURUSD.a_M15_OHLC,VolatilityBreakout_EURUSD_m,Volatility Breakout EURUSD,EURUSD.a,M15,EURUSD.a,2,100000,5.0,43.0,860.0,14859.47,4879.41,4.19,5.07,150,2018-01-10 18:57:40,2026-08-12 23:58:59,52.0,5,5,2476.47,2.06,7,1654.49,0.84,C:\BulkBackTest\Updated set files\FX_UBSonechart_Sets\1mOHLC reports\VolatilityBreakout_EURUSD_m_EURUSD.a_M15_OHLC.htm,,-5.0,high
VolatilityBreakout_EURUSD_o_EURUSD.a_M15_OHLC,VolatilityBreakout_EURUSD_o,Volatility Breakout EURUSD,EURUSD.a,M15,EURUSD.a,2,100000,5.0,24.0,480.0,17993.87,6554.38,5.5,5.89,213,2018-01-10 14:05:40,2026-08-11 09:19:40,61.5,6,6,4403.43,1.61,13,788.52,1.1,C:\BulkBackTest\Updated set files\FX_UBSonechart_Sets\1mOHLC reports\VolatilityBreakout_EURUSD_o_EURUSD.a_M15_OHLC.htm,,-5.0,high
GOLDTRADEPROH4_b_XAUUSD.a_H4_REALTICKS,GOLDTRADEPROH4_b,Gold Trade Pro,XAUUSD.a,H4,XAUUSD.a,1,100000,5.0,90.0,1800.0,57262.1,6208.04,5.51,6.35,608,2018-01-10 16:35:28,2026-08-06 16:09:28,43.6,9,8,3390.23,2.26,6,927.68,1.1,C:\BulkBackTest\Updated set files\Gold_UBSonechart_Sets\1mOHLC reports\GOLDTRADEPROH4_b_XAUUSD.a_H4_REALTICKS.htm,,8.0,real
GOLDTRADEPRO_E_XAUUSD.a_Daily_REALTICKS,GOLDTRADEPRO_E,Gold Trade Pro,XAUUSD.a,Daily,XAUUSD.a,1,100000,5.0,40.0,800.0,53978.62,3902.54,3.56,4.04,165,2018-01-10 13:03:47,2026-06-30 04:09:12,55.2,7,4,2542.7,1.85,9,848.13,0.71,C:\BulkBackTest\Updated set files\Gold_UBSonechart_Sets\1mOHLC reports\GOLDTRADEPRO_E_XAUUSD.a_Daily_REALTICKS.htm,,8.0,real
GOLDTRADEPRO_F_XAUUSD.a_Daily_REALTICKS,GOLDTRADEPRO_F,Gold Trade Pro,XAUUSD.a,Daily,XAUUSD.a,1,100000,5.0,60.0,1200.0,49614.72,3455.68,2.32,2.98,195,2018-01-10 13:03:47,2026-06-30 09:24:22,61.0,5,4,2489.78,1.65,7,920.04,0.46,C:\BulkBackTest\Updated set files\Gold_UBSonechart_Sets\1mOHLC reports\GOLDTRADEPRO_F_XAUUSD.a_Daily_REALTICKS.htm,,8.0,real
GOLDTRADEPRO_G_XAUUSD.a_Daily_REALTICKS,GOLDTRADEPRO_G,Gold Trade Pro,XAUUSD.a,Daily,XAUUSD.a,1,100000,5.0,40.0,800.0,47936.93,5338.91,4.3,4.55,172,2018-01-10 13:03:58,2026-06-30 04:20:00,52.3,6,5,3770.97,1.95,8,1588.2,0.86,C:\BulkBackTest\Updated set files\Gold_UBSonechart_Sets\1mOHLC reports\GOLDTRADEPRO_G_XAUUSD.a_Daily_REALTICKS.htm,,8.0,real
GOLDTRADEPRO_H_XAUUSD.a_Daily_REALTICKS,GOLDTRADEPRO_H,Gold Trade Pro,XAUUSD.a,Daily,XAUUSD.a,1,100000,5.0,50.0,1000.0,53851.03,4864.28,3.32,4.29,247,2018-01-10 13:04:05,2026-08-05 19:02:24,49.8,8,11,3174.96,2.18,7,640.52,0.66,C:\BulkBackTest\Updated set files\Gold_UBSonechart_Sets\1mOHLC reports\GOLDTRADEPRO_H_XAUUSD.a_Daily_REALTICKS.htm,,8.0,real
GOLDTRADEPRO_a_XAUUSD.a_Daily_REALTICKS,GOLDTRADEPRO_a,Gold Trade Pro,XAUUSD.a,Daily,XAUUSD.a,1,100000,5.0,60.0,1200.0,109833.12,6277.16,3.32,5.92,493,2018-01-10 13:10:38,2026-08-11 08:30:04,55.0,9,8,5849.22,2.16,9,1455.18,0.66,C:\BulkBackTest\Updated set files\Gold_UBSonechart_Sets\1mOHLC reports\GOLDTRADEPRO_a_XAUUSD.a_Daily_REALTICKS.htm,,8.0,real
GOLDTRADEPRO_c_XAUUSD.a_Daily_OHLC,GOLDTRADEPRO_c,Gold Trade Pro,XAUUSD.a,Daily,XAUUSD.a,1,100000,5.0,40.0,800.0,72482.19,7785.91,4.72,6.04,141,2018-01-10 13:03:59,2026-06-30 07:33:40,62.4,6,4,6477.8,1.66,25,2066.68,0.94,C:\BulkBackTest\Updated set files\Gold_UBSonechart_Sets\1mOHLC reports\GOLDTRADEPRO_c_XAUUSD.a_Daily_OHLC.htm,11.0,8.0,high
GOLDTRADEPRO_d_XAUUSD.a_Daily_OHLC,GOLDTRADEPRO_d,Gold Trade Pro,XAUUSD.a,Daily,XAUUSD.a,1,100000,5.0,100.0,2000.0,55070.74,3178.62,2.91,3.64,351,2018-01-10 13:03:59,2026-08-11 04:49:40,56.1,6,5,2251.63,1.71,9,721.39,0.58,C:\BulkBackTest\Updated set files\Gold_UBSonechart_Sets\1mOHLC reports\GOLDTRADEPRO_d_XAUUSD.a_Daily_OHLC.htm,6.0,8.0,high
GoldBotOne_dailyA_XAUUSD.a_Daily_OHLC,GoldBotOne_dailyA,Goldbot One,XAUUSD.a,Daily,XAUUSD.a,1,100000,5.0,38.0,760.0,40431.55,4929.97,4.37,4.69,203,2018-01-10 15:49:40,2026-08-05 16:59:40,62.1,3,3,2741.53,1.45,7,1324.81,0.87,C:\BulkBackTest\Updated set files\Gold_UBSonechart_Sets\1mOHLC reports\GoldBotOne_dailyA_XAUUSD.a_Daily_OHLC.htm,3.0,22.0,medium
GoldBotOne_dailyB_XAUUSD.a_Daily_OHLC,GoldBotOne_dailyB,Goldbot One,XAUUSD.a,Daily,XAUUSD.a,1,100000,5.0,75.0,1500.0,49468.98,3912.01,3.15,4.78,142,2018-01-12 15:30:40,2026-06-30 09:27:40,71.8,5,5,3153.28,1.21,12,1536.91,0.63,C:\BulkBackTest\Updated set files\Gold_UBSonechart_Sets\1mOHLC reports\GoldBotOne_dailyB_XAUUSD.a_Daily_OHLC.htm,,22.0,medium
GoldBotOne_dailyC_XAUUSD.a_Daily_OHLC,GoldBotOne_dailyC,Goldbot One,XAUUSD.a,Daily,XAUUSD.a,1,100000,5.0,27.0,540.0,25823.2,791.98,0.69,0.93,164,2018-01-10 13:03:59,2026-06-30 04:08:40,54.3,6,6,765.4,1.92,7,187.09,0.14,C:\BulkBackTest\Updated set files\Gold_UBSonechart_Sets\1mOHLC reports\GoldBotOne_dailyC_XAUUSD.a_Daily_OHLC.htm,133.0,22.0,medium
GoldBotOne_dailyD_XAUUSD.a_Daily_OHLC,GoldBotOne_dailyD,Goldbot One,XAUUSD.a,Daily,XAUUSD.a,1,100000,5.0,38.0,760.0,72627.67,4669.68,4.27,5.72,146,2018-01-10 15:50:40,2026-06-30 04:08:40,68.5,5,5,3372.36,1.48,8,2757.93,0.85,C:\BulkBackTest\Updated set files\Gold_UBSonechart_Sets\1mOHLC reports\GoldBotOne_dailyD_XAUUSD.a_Daily_OHLC.htm,45.0,22.0,medium
GoldBotOne_dailyE_XAUUSD.a_Daily_OHLC,GoldBotOne_dailyE,Goldbot One,XAUUSD.a,Daily,XAUUSD.a,1,100000,5.0,25.0,500.0,102368.26,5765.92,5.27,5.83,307,2018-01-10 13:11:40,2026-08-05 08:39:40,28.0,9,8,5672.42,3.11,3,1607.47,1.05,C:\BulkBackTest\Updated set files\Gold_UBSonechart_Sets\1mOHLC reports\GoldBotOne_dailyE_XAUUSD.a_Daily_OHLC.htm,15.0,22.0,medium
GoldBotOne_dailyH_XAUUSD.a_Daily_OHLC,GoldBotOne_dailyH,Goldbot One,XAUUSD.a,Daily,XAUUSD.a,1,100000,5.0,69.0,1380.0,37572.36,2825.99,2.76,3.37,419,2018-01-02 21:00:00,2026-08-10 22:51:59,66.1,4,4,2125.31,1.42,10,879.86,0.55,C:\BulkBackTest\Updated set files\Gold_UBSonechart_Sets\1mOHLC reports\GoldBotOne_dailyH_XAUUSD.a_Daily_OHLC.htm,23.0,22.0,medium
GoldBotOne_dailyI_XAUUSD.a_Daily_OHLC,GoldBotOne_dailyI,Goldbot One,XAUUSD.a,Daily,XAUUSD.a,1,100000,5.0,83.0,1660.0,32409.57,3614.73,3.05,3.35,402,2018-01-03 04:59:40,2026-08-11 03:11:59,51.7,7,7,1943.01,2.02,10,560.21,0.61,C:\BulkBackTest\Updated set files\Gold_UBSonechart_Sets\1mOHLC reports\GoldBotOne_dailyI_XAUUSD.a_Daily_OHLC.htm,7.0,22.0,medium
GoldBotOne_dailyK_XAUUSD.a_Daily_OHLC,GoldBotOne_dailyK,Goldbot One,XAUUSD.a,Daily,XAUUSD.a,1,100000,5.0,104.0,2080.0,54857.05,3715.15,3.01,3.28,384,2018-01-02 15:42:00,2026-08-11 04:02:40,54.2,6,6,2718.79,1.76,7,847.74,0.6,C:\BulkBackTest\Updated set files\Gold_UBSonechart_Sets\1mOHLC reports\GoldBotOne_dailyK_XAUUSD.a_Daily_OHLC.htm,4.0,22.0,medium
GoldPhantom_Gold_a_XAUUSD.a_Daily_OHLC,GoldPhantom_Gold_a,Gold Phantom,XAUUSD.a,Daily,XAUUSD.a,1,100000,5.0,30.0,600.0,98257.67,4795.01,4.08,5.29,300,2018-01-10 16:04:40,2026-08-05 13:12:40,41.7,6,6,3758.2,2.19,7,1905.75,0.82,C:\BulkBackTest\Updated set files\Gold_UBSonechart_Sets\1mOHLC reports\GoldPhantom_Gold_a_XAUUSD.a_Daily_OHLC.htm,6.0,5.0,high
GoldPhantom_Gold_b_XAUUSD.a_Daily_OHLC,GoldPhantom_Gold_b,Gold Phantom,XAUUSD.a,Daily,XAUUSD.a,1,100000,5.0,30.0,600.0,84364.13,2565.6,2.13,2.56,148,2018-01-10 16:35:40,2026-06-30 04:20:40,56.8,3,3,2355.41,1.56,6,1270.38,0.43,C:\BulkBackTest\Updated set files\Gold_UBSonechart_Sets\1mOHLC reports\GoldPhantom_Gold_b_XAUUSD.a_Daily_OHLC.htm,12.0,5.0,high
GoldPhantom_Gold_c_XAUUSD.a_Daily_OHLC,GoldPhantom_Gold_c,Gold Phantom,XAUUSD.a,Daily,XAUUSD.a,1,100000,5.0,50.0,1000.0,77235.62,3880.69,2.96,3.54,352,2018-01-03 21:06:40,2026-08-11 08:11:40,55.1,5,4,2437.25,1.66,15,1212.59,0.59,C:\BulkBackTest\Updated set files\Gold_UBSonechart_Sets\1mOHLC reports\GoldPhantom_Gold_c_XAUUSD.a_Daily_OHLC.htm,2.0,5.0,high
GoldReaper_strategy1_Daily_XAUUSD.a_Daily_OHLC,GoldReaper_strategy1_Daily,Gold Reaper,XAUUSD.a,Daily,XAUUSD.a,1,100000,5.0,60.0,1200.0,86540.58,5047.78,3.38,6.7,259,2018-01-12 15:30:40,2026-06-30 08:16:40,57.9,7,4,5026.92,2.18,7,2909.32,0.68,C:\BulkBackTest\Updated set files\Gold_UBSonechart_Sets\1mOHLC reports\GoldReaper_strategy1_Daily_XAUUSD.a_Daily_OHLC.htm,5.0,10.0,high
GoldReaper_strategy2_Daily_XAUUSD.a_Daily_OHLC,GoldReaper_strategy2_Daily,Gold Reaper,XAUUSD.a,Daily,XAUUSD.a,1,100000,5.0,30.0,600.0,123628.13,4355.18,2.1,3.66,163,2018-01-10 16:35:40,2026-06-30 04:08:40,68.1,3,3,3720.99,1.44,18,2050.44,0.42,C:\BulkBackTest\Updated set files\Gold_UBSonechart_Sets\1mOHLC reports\GoldReaper_strategy2_Daily_XAUUSD.a_Daily_OHLC.htm,4.0,10.0,high
GoldReaper_strategy3_Daily_XAUUSD.a_Daily_OHLC,GoldReaper_strategy3_Daily,Gold Reaper,XAUUSD.a,Daily,XAUUSD.a,1,100000,5.0,35.0,700.0,72033.45,3647.1,2.26,3.47,230,2018-01-10 15:38:40,2026-08-05 09:21:40,54.3,8,5,2976.71,1.88,6,1190.07,0.45,C:\BulkBackTest\Updated set files\Gold_UBSonechart_Sets\1mOHLC reports\GoldReaper_strategy3_Daily_XAUUSD.a_Daily_OHLC.htm,46.0,10.0,high
GoldReaper_strategy4_H4_XAUUSD.a_H4_OHLC,GoldReaper_strategy4_H4,Gold Reaper,XAUUSD.a,H4,XAUUSD.a,1,100000,5.0,52.0,1040.0,129931.29,5756.79,4.31,5.9,482,2018-01-10 15:49:40,2026-08-05 17:49:40,63.5,6,6,3259.82,1.53,8,959.34,0.86,C:\BulkBackTest\Updated set files\Gold_UBSonechart_Sets\1mOHLC reports\GoldReaper_strategy4_H4_XAUUSD.a_H4_OHLC.htm,-13.0,10.0,high
GoldReaper_strategy5_H1_XAUUSD.a_H1_OHLC,GoldReaper_strategy5_H1,Gold Reaper,XAUUSD.a,H1,XAUUSD.a,1,100000,5.0,110.0,2200.0,67849.3,6173.36,5.86,5.98,1171,2018-01-04 22:04:40,2026-08-12 15:44:40,73.4,7,4,4177.64,1.53,31,1529.85,1.17,C:\BulkBackTest\Updated set files\Gold_UBSonechart_Sets\1mOHLC reports\GoldReaper_strategy5_H1_XAUUSD.a_H1_OHLC.htm,32.0,10.0,high
GoldReaper_strategy6_H1_XAUUSD.a_H1_OHLC,GoldReaper_strategy6_H1,Gold Reaper,XAUUSD.a,H1,XAUUSD.a,1,100000,5.0,140.0,2800.0,67964.66,4339.42,4.03,3.57,1495,2018-01-04 22:04:40,2026-08-12 21:09:40,64.0,11,5,3206.54,2.18,22,1056.98,0.81,C:\BulkBackTest\Updated set files\Gold_UBSonechart_Sets\1mOHLC reports\GoldReaper_strategy6_H1_XAUUSD.a_H1_OHLC.htm,-6.0,10.0,high
GoldReaper_strategy7_H1_XAUUSD.a_H1_OHLC,GoldReaper_strategy7_H1,Gold Reaper,XAUUSD.a,H1,XAUUSD.a,1,100000,5.0,90.0,1800.0,98865.71,7027.71,5.56,6.53,1073,2018-01-05 01:07:40,2026-08-12 19:56:40,69.2,6,6,5066.69,1.68,23,1675.64,1.11,C:\BulkBackTest\Updated set files\Gold_UBSonechart_Sets\1mOHLC reports\GoldReaper_strategy7_H1_XAUUSD.a_H1_OHLC.htm,,10.0,high
GoldReaper_strategy8_H1_XAUUSD.a_H1_OHLC,GoldReaper_strategy8_H1,Gold Reaper,XAUUSD.a,H1,XAUUSD.a,1,100000,5.0,130.0,2600.0,85909.53,6420.87,6.09,6.04,1713,2018-01-05 01:14:40,2026-08-12 15:44:40,27.4,26,17,6354.62,5.12,6,837.17,1.22,C:\BulkBackTest\Updated set files\Gold_UBSonechart_Sets\1mOHLC reports\GoldReaper_strategy8_H1_XAUUSD.a_H1_OHLC.htm,40.0,10.0,high
GoldReaper_strategy9_H1_XAUUSD.a_H1_OHLC,GoldReaper_strategy9_H1,Gold Reaper,XAUUSD.a,H1,XAUUSD.a,1,100000,5.0,700.0,14000.0,30432.51,1777.37,1.7,1.78,9503,2018-01-03 21:37:40,2026-08-12 15:31:00,65.1,21,7,1391.86,2.16,21,277.11,0.34,C:\BulkBackTest\Updated set files\Gold_UBSonechart_Sets\1mOHLC reports\GoldReaper_strategy9_H1_XAUUSD.a_H1_OHLC.htm,36.0,10.0,high
GoldScalp_H1_A_XAUUSD.a_H1_REALTICKS,GoldScalp_H1_A,Gold Scalp,XAUUSD.a,H1,XAUUSD.a,1,100000,5.0,25.0,500.0,290689.16,6141.0,1.67,1.85,2991,2018-01-03 21:09:01,2026-08-12 15:43:06,52.7,10,11,2770.0,1.97,13,2181.0,0.33,C:\BulkBackTest\Updated set files\Gold_UBSonechart_Sets\1mOHLC reports\GoldScalp_H1_A_XAUUSD.a_H1_REALTICKS.htm,,,real
GoldScalp_H1_B_XAUUSD.a_H1_REALTICKS,GoldScalp_H1_B,Gold Scalp,XAUUSD.a,H1,XAUUSD.a,1,100000,5.0,30.0,600.0,286880.78,5823.96,2.07,2.24,2756,2018-01-03 21:07:46,2026-08-12 15:43:08,84.4,5,5,3349.88,1.21,39,1810.23,0.41,C:\BulkBackTest\Updated set files\Gold_UBSonechart_Sets\1mOHLC reports\GoldScalp_H1_B_XAUUSD.a_H1_REALTICKS.htm,,,real
GoldScalp_H1_C_XAUUSD.a_H1_REALTICKS,GoldScalp_H1_C,Gold Scalp,XAUUSD.a,H1,XAUUSD.a,1,100000,5.0,15.0,300.0,161411.26,13641.98,7.29,7.82,893,2018-02-14 17:22:29,2026-08-12 15:43:02,69.0,5,8,4578.77,1.46,15,2908.76,1.46,C:\BulkBackTest\Updated set files\Gold_UBSonechart_Sets\1mOHLC reports\GoldScalp_H1_C_XAUUSD.a_H1_REALTICKS.htm,,,real
VolatilityBreakout_M5_C_XAUUSD.a_M5_OHLC,VolatilityBreakout_M5_C,Volatility Breakout Gold,XAUUSD.a,M5,XAUUSD.a,2,100000,5.0,600.0,12000.0,17373.51,4232.9,3.77,3.8,553,2018-01-05 16:16:40,2026-08-07 17:04:40,40.5,10,9,2339.78,2.42,8,367.86,0.75,C:\BulkBackTest\Updated set files\Gold_UBSonechart_Sets\1mOHLC reports\VolatilityBreakout_M5_C_XAUUSD.a_M5_OHLC.htm,0.0,3.0,high
VolatilityBreakout_M5_E_XAUUSD.a_M5_OHLC,VolatilityBreakout_M5_E,Volatility Breakout Gold,XAUUSD.a,M5,XAUUSD.a,2,100000,5.0,700.0,14000.0,14611.34,3767.6,3.32,3.59,234,2018-01-17 18:38:40,2026-08-10 04:05:40,47.0,8,8,2390.21,2.07,6,457.77,0.66,C:\BulkBackTest\Updated set files\Gold_UBSonechart_Sets\1mOHLC reports\VolatilityBreakout_M5_E_XAUUSD.a_M5_OHLC.htm,,3.0,high
VolatilityBreakout_M5_G_XAUUSD.a_M5_OHLC,VolatilityBreakout_M5_G,Volatility Breakout Gold,XAUUSD.a,M5,XAUUSD.a,2,100000,5.0,1000.0,20000.0,5993.38,3003.24,2.83,2.96,553,2018-01-05 16:16:40,2026-08-07 17:04:40,28.9,15,13,1981.47,3.61,5,242.09,0.57,C:\BulkBackTest\Updated set files\Gold_UBSonechart_Sets\1mOHLC reports\VolatilityBreakout_M5_G_XAUUSD.a_M5_OHLC.htm,,3.0,high
VolatilityBreakout_M5_H_XAUUSD.a_M5_OHLC,VolatilityBreakout_M5_H,Volatility Breakout Gold,XAUUSD.a,M5,XAUUSD.a,2,100000,5.0,530.0,10600.0,7892.86,6530.97,5.95,6.49,214,2018-01-17 18:38:40,2026-08-11 08:30:40,49.5,6,6,3055.71,1.89,5,784.09,1.19,C:\BulkBackTest\Updated set files\Gold_UBSonechart_Sets\1mOHLC reports\VolatilityBreakout_M5_H_XAUUSD.a_M5_OHLC.htm,,3.0,high
Indicement_US100_1_H1_USTEC.a_H1_OHLC,Indicement_US100_1_H1,Indicement US100,USTEC.a,H1,USTEC.a,1,100000,5.0,12.0,240.0,150354.51,5788.07,2.6,2.86,2682,2018-01-02 16:59:40,2026-08-12 18:34:20,81.7,7,4,3909.86,1.3,38,797.03,0.52,C:\BulkBackTest\Updated set files\IndicesUBSonechartSets\1mOHLC reports\Indicement_US100_1_H1_USTEC.a_H1_OHLC.htm,32.0,41.0,medium
Indicement_US100_2_H1_USTEC.a_H1_OHLC,Indicement_US100_2_H1,Indicement US100,USTEC.a,H1,USTEC.a,1,100000,5.0,10.0,200.0,65457.16,4111.64,2.45,2.73,747,2018-01-02 16:55:40,2026-08-12 15:30:40,82.1,5,3,2368.64,1.23,41,703.67,0.49,C:\BulkBackTest\Updated set files\IndicesUBSonechartSets\1mOHLC reports\Indicement_US100_2_H1_USTEC.a_H1_OHLC.htm,25.0,41.0,medium
Indicement_US100_3_H1_USTEC.a_H1_OHLC,Indicement_US100_3_H1,Indicement US100,USTEC.a,H1,USTEC.a,1,100000,5.0,15.0,300.0,89817.74,5874.06,3.06,3.46,1864,2018-01-02 16:55:40,2026-08-12 18:33:40,83.2,7,5,2487.66,1.24,46,647.49,0.61,C:\BulkBackTest\Updated set files\IndicesUBSonechartSets\1mOHLC reports\Indicement_US100_3_H1_USTEC.a_H1_OHLC.htm,94.0,41.0,medium
Indicement_US100_4_H1_USTEC.a_H1_OHLC,Indicement_US100_4_H1,Indicement US100,USTEC.a,H1,USTEC.a,1,100000,5.0,13.0,260.0,64485.87,4344.92,3.89,4.48,710,2018-01-03 16:53:40,2026-08-12 17:11:20,63.2,8,7,3913.93,1.59,19,1149.48,0.78,C:\BulkBackTest\Updated set files\IndicesUBSonechartSets\1mOHLC reports\Indicement_US100_4_H1_USTEC.a_H1_OHLC.htm,23.0,41.0,medium
Indicement_US30_1_Daily_US30.a_Daily_OHLC,Indicement_US30_1_Daily,Indicement US30,US30.a,Daily,US30.a,1,100000,5.0,10.0,200.0,30561.24,3014.31,2.27,2.51,384,2018-01-30 20:10:40,2026-08-04 13:30:20,75.8,4,4,2180.63,1.27,17,716.51,0.45,C:\BulkBackTest\Updated set files\IndicesUBSonechartSets\1mOHLC reports\Indicement_US30_1_Daily_US30.a_Daily_OHLC.htm,6.0,8.0,high
Indicement_US30_2_Daily_US30.a_Daily_OHLC,Indicement_US30_2_Daily,Indicement US30,US30.a,Daily,US30.a,1,100000,5.0,45.0,900.0,22792.44,2279.54,2.04,2.83,439,2018-02-02 21:25:40,2026-08-04 15:10:40,59.9,7,4,1796.58,2.79,19,534.04,0.41,C:\BulkBackTest\Updated set files\IndicesUBSonechartSets\1mOHLC reports\Indicement_US30_2_Daily_US30.a_Daily_OHLC.htm,-1.0,8.0,high
Indicement_US30_3_Daily_US30.a_Daily_OHLC,Indicement_US30_3_Daily,Indicement US30,US30.a,Daily,US30.a,1,100000,5.0,20.0,400.0,31944.62,2796.92,2.44,2.89,571,2018-01-30 17:32:20,2026-08-04 14:42:40,45.5,11,10,2490.72,2.75,12,322.75,0.49,C:\BulkBackTest\Updated set files\IndicesUBSonechartSets\1mOHLC reports\Indicement_US30_3_Daily_US30.a_Daily_OHLC.htm,11.0,8.0,high
Indicement_US30_4_Daily_US30.a_Daily_OHLC,Indicement_US30_4_Daily,Indicement US30,US30.a,Daily,US30.a,1,100000,5.0,37.0,740.0,18656.5,2136.75,1.94,2.23,1109,2018-01-04 15:20:00,2026-08-12 15:28:40,41.9,20,10,1672.1,3.98,12,136.7,0.39,C:\BulkBackTest\Updated set files\IndicesUBSonechartSets\1mOHLC reports\Indicement_US30_4_Daily_US30.a_Daily_OHLC.htm,-1.0,8.0,high
Indicement_US500a_H1_US500.a_H1_OHLC,Indicement_US500a_H1,Indicement US500,US500.a,H1,US500.a,1,100000,5.0,15.0,300.0,83833.36,2391.31,1.28,1.73,1832,2018-01-03 20:41:40,2026-08-11 21:33:20,62.7,7,5,1542.8,1.62,16,483.53,0.26,C:\BulkBackTest\Updated set files\IndicesUBSonechartSets\1mOHLC reports\Indicement_US500a_H1_US500.a_H1_OHLC.htm,68.0,23.0,medium
Indicement_US500b_M15_US500.a_M15_OHLC,Indicement_US500b_M15,Indicement US500,US500.a,M15,US500.a,1,100000,5.0,15.0,300.0,41981.97,3990.49,2.73,3.05,598,2018-01-10 17:15:40,2026-08-12 15:30:20,32.6,10,10,1997.26,2.86,4,328.4,0.55,C:\BulkBackTest\Updated set files\IndicesUBSonechartSets\1mOHLC reports\Indicement_US500b_M15_US500.a_M15_OHLC.htm,5.0,23.0,medium
Indicement_US500c_M15_US500.a_M15_OHLC,Indicement_US500c_M15,Indicement US500,US500.a,M15,US500.a,1,100000,5.0,17.0,340.0,32792.15,1949.11,1.69,1.68,524,2018-01-16 10:14:40,2026-07-28 17:36:40,35.9,10,10,1762.3,2.55,7,384.68,0.34,C:\BulkBackTest\Updated set files\IndicesUBSonechartSets\1mOHLC reports\Indicement_US500c_M15_US500.a_M15_OHLC.htm,7.0,23.0,medium
Indicement_US500d_H1_US500.a_H1_OHLC,Indicement_US500d_H1,Indicement US500,US500.a,H1,US500.a,1,100000,5.0,40.0,800.0,14304.34,1660.56,1.62,1.83,691,2018-01-03 17:28:40,2026-07-31 17:31:40,60.6,6,5,1412.16,1.78,10,440.07,0.32,C:\BulkBackTest\Updated set files\IndicesUBSonechartSets\1mOHLC reports\Indicement_US500d_H1_US500.a_H1_OHLC.htm,,23.0,medium
Indicement_US500e_Daily_US500.a_Daily_OHLC,Indicement_US500e_Daily,Indicement US500,US500.a,Daily,US500.a,1,100000,5.0,60.0,1200.0,12079.56,2279.6,2.0,2.2,535,2018-01-12 18:12:20,2026-08-03 17:02:40,51.0,12,10,1744.13,2.06,9,381.96,0.4,C:\BulkBackTest\Updated set files\IndicesUBSonechartSets\1mOHLC reports\Indicement_US500e_Daily_US500.a_Daily_OHLC.htm,,23.0,medium
Indicement_US500f_Daily_US500.a_Daily_OHLC,Indicement_US500f_Daily,Indicement US500,US500.a,Daily,US500.a,1,100000,5.0,15.0,300.0,16729.07,1503.99,1.47,1.62,609,2018-01-03 14:07:40,2026-08-03 01:01:40,48.3,9,9,1028.21,2.14,10,293.35,0.29,C:\BulkBackTest\Updated set files\IndicesUBSonechartSets\1mOHLC reports\Indicement_US500f_Daily_US500.a_Daily_OHLC.htm,,23.0,medium
ORBMASTER_DAX_M15_a_DE40.a_M15_OHLC,ORBMASTER_DAX_M15_a,ORB Master,DE40.a,M15,DE40.a,1,100000,5.0,17.0,340.0,43342.84,2815.79,1.93,2.32,761,2018-01-03 11:26:40,2026-08-11 14:55:20,47.8,7,7,1586.66,2.09,8,862.2,0.39,C:\BulkBackTest\Updated set files\IndicesUBSonechartSets\1mOHLC reports\ORBMASTER_DAX_M15_a_DE40.a_M15_OHLC.htm,120.0,16.0,medium
ORBMASTER_DAX_M15_c_DE40.a_M15_OHLC,ORBMASTER_DAX_M15_c,ORB Master,DE40.a,M15,DE40.a,1,100000,5.0,11.0,220.0,46077.07,2609.85,1.8,2.14,751,2018-01-03 10:33:40,2026-08-11 15:55:40,52.2,10,9,1523.48,1.92,9,996.57,0.36,C:\BulkBackTest\Updated set files\IndicesUBSonechartSets\1mOHLC reports\ORBMASTER_DAX_M15_c_DE40.a_M15_OHLC.htm,,16.0,medium
ORBMASTER_DAX_M15_f_DE40.a_M15_OHLC,ORBMASTER_DAX_M15_f,ORB Master,DE40.a,M15,DE40.a,1,100000,5.0,15.0,300.0,47747.53,3709.54,2.49,2.7,2051,2018-01-02 09:53:40,2026-08-11 10:54:40,40.1,14,11,2563.77,2.47,8,207.14,0.5,C:\BulkBackTest\Updated set files\IndicesUBSonechartSets\1mOHLC reports\ORBMASTER_DAX_M15_f_DE40.a_M15_OHLC.htm,,16.0,medium
ORBMASTER_US30_M15_c_US30.a_M15_OHLC,ORBMASTER_US30_M15_c,ORB Master,US30.a,M15,US30.a,1,100000,5.0,14.0,280.0,31848.32,11165.48,7.81,8.03,420,2018-01-15 02:12:20,2026-07-23 10:00:40,50.0,7,9,3267.85,2.0,6,622.83,1.56,C:\BulkBackTest\Updated set files\IndicesUBSonechartSets\1mOHLC reports\ORBMASTER_US30_M15_c_US30.a_M15_OHLC.htm,3.0,16.0,medium
ORBMASTER_US30_M15_f_US30.a_M15_OHLC,ORBMASTER_US30_M15_f,ORB Master,US30.a,M15,US30.a,1,100000,5.0,12.0,240.0,39164.84,4193.66,2.96,3.16,500,2018-01-12 18:12:20,2026-07-22 17:08:40,72.0,5,6,2683.28,1.49,21,597.78,0.59,C:\BulkBackTest\Updated set files\IndicesUBSonechartSets\1mOHLC reports\ORBMASTER_US30_M15_f_US30.a_M15_OHLC.htm,,16.0,medium
ORBMASTER_US30_M15_h_US30.a_M15_OHLC,ORBMASTER_US30_M15_h,ORB Master,US30.a,M15,US30.a,1,100000,5.0,9.0,180.0,49540.17,4083.94,4.05,4.37,600,2018-01-12 19:47:40,2026-07-22 17:14:40,55.2,8,7,2638.91,1.89,9,336.65,0.81,C:\BulkBackTest\Updated set files\IndicesUBSonechartSets\1mOHLC reports\ORBMASTER_US30_M15_h_US30.a_M15_OHLC.htm,,16.0,medium
ORBMASTER_US500_M15_a_US500.a_M15_OHLC,ORBMASTER_US500_M15_a,ORB Master,US500.a,M15,US500.a,1,100000,5.0,13.0,260.0,53742.19,5380.74,3.38,3.4,744,2018-01-10 17:15:40,2026-08-12 15:30:20,32.0,13,13,2997.51,3.03,5,503.26,0.68,C:\BulkBackTest\Updated set files\IndicesUBSonechartSets\1mOHLC reports\ORBMASTER_US500_M15_a_US500.a_M15_OHLC.htm,3.0,16.0,medium
ORBMASTER_US500_M15_c_US500.a_M15_OHLC,ORBMASTER_US500_M15_c,ORB Master,US500.a,M15,US500.a,1,100000,5.0,11.0,220.0,59772.39,3182.92,3.16,3.48,384,2018-01-16 10:11:40,2026-07-28 17:48:40,39.6,11,11,2997.8,2.42,5,595.47,0.63,C:\BulkBackTest\Updated set files\IndicesUBSonechartSets\1mOHLC reports\ORBMASTER_US500_M15_c_US500.a_M15_OHLC.htm,4.0,16.0,medium
ORBMASTER_US500_M15_d_US500.a_M15_OHLC,ORBMASTER_US500_M15_d,ORB Master,US500.a,M15,US500.a,1,100000,5.0,10.0,200.0,45979.45,6159.17,4.05,4.53,530,2018-01-10 17:15:40,2026-08-12 15:30:20,35.1,12,12,3626.6,2.71,4,492.58,0.81,C:\BulkBackTest\Updated set files\IndicesUBSonechartSets\1mOHLC reports\ORBMASTER_US500_M15_d_US500.a_M15_OHLC.htm,3.0,16.0,medium
ORBMASTER_USTEC_M15_a_USTEC.a_M15_OHLC,ORBMASTER_USTEC_M15_a,ORB Master,USTEC.a,M15,USTEC.a,1,100000,5.0,24.0,480.0,53599.32,3491.09,2.25,2.83,377,2018-01-05 15:30:00,2026-08-12 23:59:59,72.1,5,6,3241.49,1.57,15,1093.97,0.45,C:\BulkBackTest\Updated set files\IndicesUBSonechartSets\1mOHLC reports\ORBMASTER_USTEC_M15_a_USTEC.a_M15_OHLC.htm,,16.0,medium
ORBMASTER_USTEC_M15_e_USTEC.a_M15_OHLC,ORBMASTER_USTEC_M15_e,ORB Master,USTEC.a,M15,USTEC.a,1,100000,5.0,15.0,300.0,35741.09,4504.63,3.23,3.46,830,2018-01-03 19:46:40,2026-08-11 16:42:40,32.8,14,13,2309.39,2.98,6,231.82,0.65,C:\BulkBackTest\Updated set files\IndicesUBSonechartSets\1mOHLC reports\ORBMASTER_USTEC_M15_e_USTEC.a_M15_OHLC.htm,31.0,16.0,medium
ORBMASTER_USTEC_M15_g_USTEC.a_M15_OHLC,ORBMASTER_USTEC_M15_g,ORB Master,USTEC.a,M15,USTEC.a,1,100000,5.0,17.0,340.0,19356.23,4399.59,3.56,3.62,772,2018-01-04 16:52:40,2026-08-11 17:01:40,37.3,13,12,2280.27,2.59,8,293.29,0.71,C:\BulkBackTest\Updated set files\IndicesUBSonechartSets\1mOHLC reports\ORBMASTER_USTEC_M15_g_USTEC.a_M15_OHLC.htm,9.0,16.0,medium
OtherSets_nas100_H1_A_USTEC.a_H1_OHLC,OtherSets_nas100_H1_A,Other Sets NAS100,USTEC.a,H1,USTEC.a,1,100000,5.0,30.0,600.0,60175.82,5607.48,3.42,3.76,1686,2018-01-03 16:53:40,2026-08-12 23:59:59,48.0,9,10,2068.4,2.17,11,850.72,0.68,C:\BulkBackTest\Updated set files\IndicesUBSonechartSets\1mOHLC reports\OtherSets_nas100_H1_A_USTEC.a_H1_OHLC.htm,26.0,18.0,medium
OtherSets_nas100_H1_C_USTEC.a_H1_OHLC,OtherSets_nas100_H1_C,Other Sets NAS100,USTEC.a,H1,USTEC.a,1,100000,5.0,46.0,920.0,53491.12,6811.88,4.3,4.62,2190,2018-01-03 17:39:40,2026-08-12 23:59:59,56.8,13,7,2678.53,2.37,14,399.52,0.86,C:\BulkBackTest\Updated set files\IndicesUBSonechartSets\1mOHLC reports\OtherSets_nas100_H1_C_USTEC.a_H1_OHLC.htm,48.0,18.0,medium
OtherSets_nas100_H1_E_USTEC.a_H1_OHLC,OtherSets_nas100_H1_E,Other Sets NAS100,USTEC.a,H1,USTEC.a,1,100000,5.0,33.0,660.0,99487.75,7078.29,3.49,3.93,2847,2018-01-03 17:02:40,2026-08-12 23:59:59,55.2,14,9,5628.95,2.81,20,806.01,0.7,C:\BulkBackTest\Updated set files\IndicesUBSonechartSets\1mOHLC reports\OtherSets_nas100_H1_E_USTEC.a_H1_OHLC.htm,48.0,18.0,medium
OtherSets_nas100_H1_G_USTEC.a_H1_OHLC,OtherSets_nas100_H1_G,Other Sets NAS100,USTEC.a,H1,USTEC.a,1,100000,5.0,20.0,400.0,70512.52,6454.94,3.79,4.11,977,2018-01-03 17:02:40,2026-08-12 16:45:00,55.4,10,10,3791.6,1.89,15,950.22,0.76,C:\BulkBackTest\Updated set files\IndicesUBSonechartSets\1mOHLC reports\OtherSets_nas100_H1_G_USTEC.a_H1_OHLC.htm,-9.0,18.0,medium
OtherSets_nas100_H1_L_USTEC.a_H1_OHLC,OtherSets_nas100_H1_L,Other Sets NAS100,USTEC.a,H1,USTEC.a,1,100000,5.0,12.0,240.0,84598.48,5914.34,3.32,3.54,844,2018-01-02 21:01:40,2026-08-12 23:59:59,56.4,8,7,5914.34,1.95,12,1284.09,0.66,C:\BulkBackTest\Updated set files\IndicesUBSonechartSets\1mOHLC reports\OtherSets_nas100_H1_L_USTEC.a_H1_OHLC.htm,15.0,18.0,medium
VolatilityBreakout_NAS_VOL_M15_A_USTEC.a_M15_OHLC,VolatilityBreakout_NAS_VOL_M15_A,Volatility Breakout NAS100,USTEC.a,M15,USTEC.a,2,100000,5.0,30.0,600.0,49359.03,5364.9,5.33,4.05,606,2018-01-12 10:25:40,2026-08-12 23:59:59,40.4,13,10,5279.99,2.28,6,711.53,1.07,C:\BulkBackTest\Updated set files\IndicesUBSonechartSets\1mOHLC reports\VolatilityBreakout_NAS_VOL_M15_A_USTEC.a_M15_OHLC.htm,1.0,1.0,high
VolatilityBreakout_NAS_VOL_M15_B_USTEC.a_M15_OHLC,VolatilityBreakout_NAS_VOL_M15_B,Volatility Breakout NAS100,USTEC.a,M15,USTEC.a,2,100000,5.0,25.0,500.0,54773.57,6264.25,4.06,4.36,613,2018-01-11 20:11:40,2026-08-07 17:04:40,33.8,12,9,3463.85,2.9,7,500.75,0.81,C:\BulkBackTest\Updated set files\IndicesUBSonechartSets\1mOHLC reports\VolatilityBreakout_NAS_VOL_M15_B_USTEC.a_M15_OHLC.htm,0.0,1.0,high
VolatilityBreakout_NAS_VOL_M15_C_USTEC.a_M15_OHLC,VolatilityBreakout_NAS_VOL_M15_C,Volatility Breakout NAS100,USTEC.a,M15,USTEC.a,2,100000,5.0,25.0,500.0,53789.84,6349.82,4.16,4.85,627,2018-01-11 20:11:40,2026-08-07 17:04:40,34.1,12,9,3463.85,2.87,7,500.75,0.83,C:\BulkBackTest\Updated set files\IndicesUBSonechartSets\1mOHLC reports\VolatilityBreakout_NAS_VOL_M15_C_USTEC.a_M15_OHLC.htm,0.0,1.0,high
VolatilityBreakout_NAS_VOL_M15_D_USTEC.a_M15_OHLC,VolatilityBreakout_NAS_VOL_M15_D,Volatility Breakout NAS100,USTEC.a,M15,USTEC.a,2,100000,5.0,25.0,500.0,56160.92,7101.94,4.74,4.94,567,2018-01-09 11:01:40,2026-08-12 23:59:59,41.3,15,10,7101.94,2.28,6,834.53,0.95,C:\BulkBackTest\Updated set files\IndicesUBSonechartSets\1mOHLC reports\VolatilityBreakout_NAS_VOL_M15_D_USTEC.a_M15_OHLC.htm,-0.0,1.0,high
VolatilityBreakout_NAS_VOL_M15_E_USTEC.a_M15_OHLC,VolatilityBreakout_NAS_VOL_M15_E,Volatility Breakout NAS100,USTEC.a,M15,USTEC.a,2,100000,5.0,20.0,400.0,58247.09,6337.52,4.09,4.62,726,2018-01-10 16:52:40,2026-08-07 16:57:40,36.8,9,9,3625.87,2.62,5,571.46,0.82,C:\BulkBackTest\Updated set files\IndicesUBSonechartSets\1mOHLC reports\VolatilityBreakout_NAS_VOL_M15_E_USTEC.a_M15_OHLC.htm,2.0,1.0,high
VolatilityBreakout_US30_VOL_M15_a_US30.a_M15_OHLC,VolatilityBreakout_US30_VOL_M15_a,Volatility Breakout US30,US30.a,M15,US30.a,2,100000,5.0,15.0,300.0,30322.49,5734.75,5.73,5.84,355,2018-02-05 09:05:40,2026-08-05 22:48:40,68.2,3,4,2760.07,1.4,12,2063.47,1.15,C:\BulkBackTest\Updated set files\IndicesUBSonechartSets\1mOHLC reports\VolatilityBreakout_US30_VOL_M15_a_US30.a_M15_OHLC.htm,-1.0,1.0,high
VolatilityBreakout_US30_VOL_M15_b_US30.a_M15_OHLC,VolatilityBreakout_US30_VOL_M15_b,Volatility Breakout US30,US30.a,M15,US30.a,2,100000,5.0,20.0,400.0,14028.77,2423.68,2.35,2.5,230,2018-02-14 15:52:40,2026-07-17 16:53:20,82.6,2,2,2423.68,1.25,17,2417.21,0.47,C:\BulkBackTest\Updated set files\IndicesUBSonechartSets\1mOHLC reports\VolatilityBreakout_US30_VOL_M15_b_US30.a_M15_OHLC.htm,3.0,1.0,high
VolatilityBreakout_US30_VOL_M15_c_US30.a_M15_OHLC,VolatilityBreakout_US30_VOL_M15_c,Volatility Breakout US30,US30.a,M15,US30.a,2,100000,5.0,15.0,300.0,18047.77,2047.54,1.96,2.66,413,2018-01-02 16:30:40,2026-08-04 13:50:20,72.4,3,3,1292.76,1.28,10,1250.82,0.39,C:\BulkBackTest\Updated set files\IndicesUBSonechartSets\1mOHLC reports\VolatilityBreakout_US30_VOL_M15_c_US30.a_M15_OHLC.htm,7.0,1.0,high
VolatilityBreakout_US30_VOL_M15_g_US30.a_M15_OHLC,VolatilityBreakout_US30_VOL_M15_g,Volatility Breakout US30,US30.a,M15,US30.a,2,100000,5.0,15.0,300.0,30016.5,4572.87,4.43,4.66,393,2018-01-15 08:51:40,2026-08-04 14:00:40,64.1,5,4,2581.17,1.6,17,2425.85,0.89,C:\BulkBackTest\Updated set files\IndicesUBSonechartSets\1mOHLC reports\VolatilityBreakout_US30_VOL_M15_g_US30.a_M15_OHLC.htm,1.0,1.0,high
VolatilityBreakout_VolUS500_a_M15_US500.a_M15_REALTICKS,VolatilityBreakout_VolUS500_a_M15,Volatility Breakout US500,US500.a,M15,US500.a,2,100000,5.0,15.0,300.0,27139.32,3302.49,3.01,4.38,268,2018-02-14 15:58:40,2026-08-07 19:31:54,51.5,4,4,3302.49,1.83,8,1546.3,0.6,C:\BulkBackTest\Updated set files\IndicesUBSonechartSets\1mOHLC reports\VolatilityBreakout_VolUS500_a_M15_US500.a_M15_REALTICKS.htm,,,real
VolatilityBreakout_VolUS500_c_M15_US500.a_M15_REALTICKS,VolatilityBreakout_VolUS500_c_M15,Volatility Breakout US500,US500.a,M15,US500.a,2,100000,5.0,40.0,800.0,24763.9,4105.18,4.05,4.29,305,2018-01-30 16:26:00,2026-08-05 15:13:42,47.9,9,11,2940.9,2.52,7,930.56,0.81,C:\BulkBackTest\Updated set files\IndicesUBSonechartSets\1mOHLC reports\VolatilityBreakout_VolUS500_c_M15_US500.a_M15_REALTICKS.htm,,,real
VolatilityBreakout_VolUS500_g_M15_US500.a_M15_REALTICKS,VolatilityBreakout_VolUS500_g_M15,Volatility Breakout US500,US500.a,M15,US500.a,2,100000,5.0,40.0,800.0,33240.57,4841.08,4.59,4.97,1538,2018-01-16 23:32:00,2026-08-05 17:53:33,46.0,15,14,1967.58,2.97,10,1030.33,0.92,C:\BulkBackTest\Updated set files\IndicesUBSonechartSets\1mOHLC reports\VolatilityBreakout_VolUS500_g_M15_US500.a_M15_REALTICKS.htm,,,real
